query,country,category,domain,homepage_url,http_status,duration_ms,emails_all,email_best,phones,priority,last_seen,email_sent
universidad site:.cl,cl,universidad,uach.cl,https://www.uach.cl/,200,3076,"contacto@uach.cl, admision@uach.cl",contacto@uach.cl,"407405049980137, +56632221277, 11072025, 025-09-54734029, 800600310, 800 600 310, 56958533553, +56 63 2221277, +56 63 2221823, +56 65 2277100, 1758701933, 27179444, 83-4002-966",8,2025-09-24T10:18:54.536627,No
universidad site:.cl,cl,universidad,uta.cl,https://www.uta.cl/,200,3223,"mesa-de-trabajo-2@3x.png, mesa-de-trabajo-2@3x-300x98.png, mesa-de-trabajo-2@3x-768x251.png, mesa-de-trabajo-6@3x.png, mesa-de-trabajo-6@3x-300x98.png, mesa-de-trabajo-6@3x-768x251.png, mesa-de-trabajo-10@3x.png, mesa-de-trabajo-10@3x-300x98.png, mesa-de-trabajo-10@3x-768x251.png, direseciqq@uta.cl, recstgo@gestion.uta.cl",direseciqq@uta.cl,"1722004726, 1681140564, 1731507107, 1681140582, 1681140580, 1754320889, 1731521957, 1743514025, 1758024118, 1757968503, 392452077454638, 09-12-104044, 06-06-153429, 09-16-111451, 09-16-101913, 09-16-100447, 1000045975-768, 1000045975-300, 1000045975-1024, 1000045975-1536, 1000045975-2048, 09-08-092300, 296327149, 64812051, +56 57 2727100, +56 58 2386093, 1721932950, 1722005703, 1721931880, 1721933540, 1757449699, 43131247, 4274064330, 132462343107488",10,2025-09-24T10:23:19.613189,No
universidad site:.pe,pe,universidad,udep.edu.pe,https://www.udep.edu.pe/,200,6584,jose.rodriguez.co@udep.edu.pe,jose.rodriguez.co@udep.edu.pe,"122750408774203, 20200730, 1757956869, 16343774, 460.355 421, 106.51-106.512, 385.73 124.935, 792 50 218.685, 04 74.934-167, 107 74.935 167, 167.04 167.042, 419.945 462, 52.96-118.055, 118.056-118.055, 52.96 118.057, 118.057 118.057, 0 13.565.777, 374.595 319.757, 255.977 438.378, 137.348 374.595, 73.607 255.995, 192.225 137.375, 137.352 192.246, 374.625 137.352, 438.393 256.002, 319.734 374.652, 448.225 394.243, 99-75.652-168, 64-168.643-168, 344.233-175, 155 52.192-116, 353 52.194 116, 5 335.117 220, 342 335.117, 35-52.196-116, 35-116.352, 69.75 170.248, 482-51.037-119, 984-56.532-170, 54796177206, 180973398587234, 1758650671, 553009802, 185289992530334, 111183129633950, 181185010365045, 1758553244, 552400191, 185287796920334, 850060140385541, 180555874733961, 1758385724, 551070571, 185284032760334, 117222068911877, 180532970515427, 1758318409, 551446146, 185282411650334, 897117780274533, (073) 284500, (01) 2139600, 20172627421",1,2025-09-24T10:52:42.714633,No
universidad site:.pe,pe,universidad,cientifica.edu.pe,https://www.cientifica.edu.pe/,200,1089,"informes@cientifica.edu.pe, minombre@gmail.com",informes@cientifica.edu.pe,"2147483647, 02173813, 00000057, 28202736, 122222222222, 19999999, 99999999, 1222222222, 122222222, 2545228171, 2545228172, 2545228173, 2545228174, 2545228175, 12222200, 14113355, 999999999, 11131206, 72500208, 28195827, 28202808, 28202806, 28202805, 02173834, 51641544, 29202512, 17082149, 17081721, 17081453, 20111827, 25010258, 20112725, 25010248, 25010314, 25013826, 10083003, +51 955 656 442, 10084057, 10083831, 19232243, 64201665, 10084817, 51955656442, 55038929, 65414126, 36237169, 60012443, 10090640, 27135820, 27102920, 12.2216386, 76.9767202, 51) 955 656, 11.9440801, 77.0743422, 11.9440854, 77.0717673, 12.0165774, 76.8927462, 76.8901713, 12.1037581, 77.0188991, 04165129, 28234609, 24161049, 00633-2024, 983 233 126, 1.137468099594",6,2025-09-24T10:52:37.220507,No
universidad site:.bo,bo,universidad,usalesiana.edu.bo,https://www.usalesiana.edu.bo/,200,2112,info@modinatheme.com,info@modinatheme.com,"1726235842014, (000) 000-000, 78037635, 59178458937, (591) 78458937, 59172060082, (591) 72060082, 59171565440, (591) 71565440, 59171596613, (591) 71596613, 59177722868, (591) 77722868, 59172042937, (591) 72042937, 59172059088, (591) 72059088, 59171568290, (591) 71568290, 122470167513579",1,2025-09-24T11:14:03.337695,No
universidad site:.bo,bo,universidad,upal.edu.bo,https://upal.edu.bo/en/,200,2469,upal@upal.edu,upal@upal.edu,"1758644201, 290353145677822, 20220721, 100737-150, 200.105.168.212, 353491418065572, +59161791499, 99999999, 1757657538, 191692609",2,2025-09-24T11:14:03.694397,No
universidad site:.bo,bo,universidad,ucb.edu.bo,https://cba.ucb.edu.bo/,200,4486,erevollo@ucb.edu.bo,erevollo@ucb.edu.bo,"1758140855, 71.1702128, (255 255 255, (64 217 241, 005 10.005.797, 10140-1018, 10190-1019, 32.666666, 23.4042553, 33.33333333, 66.66666667, 16.66666667, 1.66666667, 999999998, 99999999, 999999999, 99999999999999, 9999999999, 999999997, 16.53846154, 1.53846154, (70.710678, 1.41421356237, 14.2857143, 91.66666667, 83.33333333, 58.33333333, 41.66666667, 8.33333333, 264453626735223, 1946870439, 168918822379080, 33.333333333333, 2.242826950, 599264798.1631, 714853-17426558, 30.1627396882, 66.666666666667, 20250901, 20250902, 20250903, 20250904, 20250905, 20250906, 20250907, 20250908, 20250909, 20250910, 20250911, 20250912, 20250913, 20250914, 20250915, 20250916, 20250917, 20250918, 20250919, 20250920, 20250921, 20250922, 20250923, 20250924, 20250925, 20250926, 20250927, 20250928, 20250929, 20250930, 20251001, 20251002, 20251003, 20251004, 20251005, 20452-20250901, 20452-20250902, 20452-20250903, 20452-20250904, 20452-20250905, 20452-20250906, 20452-20250907, 20452-20250908, 20452-20250909, 20452-20250910, 20452-20250911, 20452-20250912, 20452-20250913, 20452-20250914, 20452-20250915, 20452-20250916, 20452-20250917, 20452-20250918, 20452-20250919, 20452-20250920, 20452-20250921, 20452-20250922, 20452-20250923, 20452-20250924, 20452-20250925, 20452-20250926, 20452-20250927, 20452-20250928, 20452-20250929, 20452-20250930, 20452-20251001, 20452-20251002, 20452-20251003, 20452-20251004, 20452-20251005, 1758705243, 2.196762796, 1051655514.1624, 540093-56341009, 0.1617458429, 59162728028, 168.83 200.504, 365.083 199, 34.432 357.903, 318.087 318.087, 982 52.982-132, 708 62.922-195, 18.956 214.905, 28.836 134, 218-65.217 170, 956-65.217 236, 661 57.416 102, 661 44.265 157, 1702323004, 76987233",3,2025-09-24T11:14:05.712595,No
universidad site:.bo,bo,universidad,usfa.edu.bo,https://www.usfa.edu.bo/,200,618,info@usfa.edu.bo,info@usfa.edu.bo,"99614230425, +591 77719830, +59177719830, 59177719830, 1.25.625.625, 9976709828, 294500227, 77719830, 3825.32130507, 68.129026724854, 16.509868884235, 1699987243757, +59168099395, 68099395, 3825.32052813, 68.167500150632, 16.509908145299, 1666287663784, +59168404055, 68404055, 3713.65288084, 65.7178373, 21.442884699999, 9407292191, 1699987172533, +59163682109, 63682109, 3697.15911668, 65.5996026, 22.0817395, 1699987210079",5,2025-09-24T11:14:01.843385,No
universidad site:.bo,bo,universidad,udabol.edu.bo,https://www.udabol.edu.bo/,200,2003,"cbueno@udabol.edu.bo, proyectos@udabol.edu.bo, investigacion@udabol.edu.bo, postgrado@udabol.edu.bo, lingua@udabol.edu.bo, cambridge@udabol.edu.bo",cbueno@udabol.edu.bo,"113545235322, 1738016461051, 1587772578772, 1720083862337, 9823497364, 1726702987864, 1726721861923, 1726721880318, 1726722427165, 1726722356096, 1720084473060, 2987364034, 1720086075229, 1720086055627, 1720086104746, 1720086143812, 1720086170960, 1720086204481, 1720088707209, 1720088728210, 1720089705134, 1720089721673, 1720089734316, 1720089748184, 1720094281181, 1493801182915, 0.498039215686, 0.549019607843, 0.988235294117, 0.717647058823, 0.254901960784, 0.278431372549, 0.592156862745, 0.647058823529, 0.780392156862, 0.949019607843, 0.352941176470, 0.470588235294, 0.650980392156, 0.403921568627, 0.447058823529, 0.098039215686, 0.662745098039, 0.847058823529, 0.419607843137, 277355312, 982929947, 1379432000, 17.7686031, 63.2015043, 230645713, 16.5055459, 68.1289566, 16.5055511, 68.1267679, 92374028347, 92374028347-300, 92374028347-1024, 92374028347-768, 92374028347-1536, 92374028347-2048, 92374028347-370, 92374028347-760, 92374028347-270, 59167706341, 67706341, 59172135786, 72135786, 59172135778, 72135778, 59167894332, 67894332, +591 33443838, 59172135793, +59172135793, 66593081, 99999999",6,2025-09-24T11:14:03.229038,No
universidad site:.bo,bo,universidad,ueb.edu.bo,https://ueb.edu.bo/,200,1768,uebmail@ueb.edu.bo,uebmail@ueb.edu.bo,"1471270116615, 1657123937015, 1472552174667, 1619558498251, 1682112696128, 1739978534401, 1471004146248, 1740581053788, 1470899825055, 0.498039215686, 0.549019607843, 0.988235294117, 0.717647058823, 0.254901960784, 0.278431372549, 0.592156862745, 0.647058823529, 0.780392156862, 0.949019607843, 0.352941176470, 0.470588235294, 0.650980392156, 0.403921568627, 0.447058823529, 0.098039215686, 0.662745098039, 0.847058823529, 0.419607843137, 34.125.225.194, 1469698928990, 1469698929084, 1470045415053, 1626989664362, 1626989710009, 1626989735759, 1626989751286, 1626989774623, 497576155, 111636567720057, 477244965855910, 495261763, 111122360104811, 925700867646663, 492002937, 109474486602932, 846776151642656, 1748964844913, 491546688, 109239632959750, 573652977861448, 1652881196422, 62000255, 98137918, 217249219",8,2025-09-24T11:14:02.994192,No
universidad site:.bo,bo,universidad,ucebol.edu.bo,https://www.ucebol.edu.bo/,200,2018,info@ucebol.edu.bo,info@ucebol.edu.bo,"20250919194948, 080270 100, 90059987",9,2025-09-24T11:14:03.244038,No
universidad site:.bo,bo,universidad,ucatec.edu.bo,https://ucatec.edu.bo/,200,458,pregrado@ucatec.edu.bo,pregrado@ucatec.edu.bo,"19-3200-817, 68373883458, 135689427819, 6442-5568-5320, 46491234, 285883050, 77986903, 49256177",10,2025-09-24T11:14:01.685033,No
universidad site:.uy,uy,universidad,um.edu.uy,https://www.um.edu.uy/,200,1149,info@um.edu.uy,info@um.edu.uy,"175844412, 83-588469, 66487257, 529726894, 509763702, 19608988094, 426155491, 3754798-243, 16855348, 48943067, 24773768078645, 83171314791, 13089.35325786, 56.1603831, 34.8979585, 1567775071112, +59827074461, 436397943",1,2025-09-24T11:42:42.151768,No
universidad site:.uy,uy,universidad,ucu.edu.uy,https://www.ucu.edu.uy/,200,717,"infoweb@ucu.edu.uy, campus.puntadeleste@ucu.edu.uy, campus.salto@ucu.edu.uy",infoweb@ucu.edu.uy,"20251508, 20231204, 455762385071935, 20230712, 20230620, +598) 2487 2717, +598) 4248 7093, +598) 97354336, 20211307, 20232403",2,2025-09-24T11:42:41.720343,No
universidad site:.uy,uy,universidad,utec.edu.uy,https://utec.edu.uy/,200,761,consultas@utec.edu.uy,consultas@utec.edu.uy,"1732106031, 785836037, 29253688, 74940596, +598) 2603 8832, 59892342583",6,2025-09-24T11:42:41.764623,No
universidad site:.co,co,universidad,udea.edu.co,https://www.udea.edu.co/,200,1114,"notifica.judiciales@udea.edu.co, atencionciudadano@udea.edu.co",atencionciudadano@udea.edu.co,"1720379141484, 1712680678000, 000000000000000, 000000000, 1712667274000, 1712667272000, 1720378034592, 007898799129263, 87-1275-4506, 8-8283653202, 57496914, 4-57496914, 2373413649, 86455-834, 024.001.047.003, 205.081.391.212, 132.14.318.227, 146.097.323.159, 029.001.057.004, 516.418.934.934, 169.108.371.181, 039.001.059, 305.122.582.321, 784.196.203.471, 328.775.328, 19.001.285.002, 178.111.393, 18.623.187, 890980040, 01 8000 416384, +57-604) 219 5028, 1756252122005, 1712682814000, 1721333326",2,2025-09-24T11:54:21.096616,No
universidad site:.co,co,universidad,ucaldas.edu.co,https://www.ucaldas.edu.co/portal/,200,1070,"atencionalciudadano@ucaldas.edu.co, gestion.juridica@ucaldas.edu.co",gestion.juridica@ucaldas.edu.co,"1469697216174, 00000070, 83838382, 00000052, 00000069, 00000026, (255 255 255, 00000047, 00000054, 00000080, 00000066, 00000078, 1715867733890, 1751546323396, 1715867766051, 1715867802103, 1701352259637, 1709754013513, 1920-506-300, 1920-506-1024, 1920-506-768, 1920-506-1536, 1-1758689180, 1727226689822, 1698678946645, 1698678946695, 1698679698777, 1698679773601, 1698679888640, 1698679936307, 1537993512, 1182769823, 1756496121787, 2147483647, 0010-097-021, 1999999999, 66293356",3,2025-09-24T11:54:21.051950,No
universidad site:.co,co,universidad,escuelaing.edu.co,https://www.escuelaing.edu.co/es/redirecciones/universidad-de-miami/,200,2204,webmaster@miami.edu,webmaster@miami.edu,"305-284-2374, 305-284-2211",4,2025-09-24T11:54:22.186035,No
universidad site:.co,co,universidad,unisabana.edu.co,https://www.unisabana.edu.co/,200,737,"protecciondedatos@unisabana.edu.co, u003eprotecciondedatos@unisabana.edu.co, servicious@unisabana.edu.co, notificacioneslegales@unisabana.edu.co",servicious@unisabana.edu.co,"2147483647, 95047677, 06672851731, 00000026, 00000040, 680485159, 0209908938, 4351687002, 242533594911968, 53933016404, 139932907, 32194300, 49991683, 6776475134, 5106262835, 8313999934, 7046670889, 26027762-346, 7512464710, 4003203345, 76970715, 14749929, 49433412, 325369074, 10348763, 63048023, 428099509, 919250238410, 311049209, 2100489091, 968263044465, 99981699646, 00499742, 70051425, 728604306, 567141436, 81940105, 86899197, 186.678 143.383, 223.235 143.383, 252.87 113.748, 87 40.6349 223, 235 11 186.678, 122 11 120.487, 40.6349 120.487, 120.487 113.748, 150.122 143.383, 186.679 329.922, 223.235 329.922, 252.87 300.287, 252.87 227.174, 223.235 197.539, 186.679 197.539, 150.122 197.539, 120.487 227.174, 120.487 263, 120.487 300.287, 150.122 329.922, 252.87 486.826, 223.235 516.461, 186.679 516.461, 150.122 516.461, 120.487 486.826, 120.487 450, 120.487 413.713, 150.122 384.078, 186.679 384.078, 223.235 384.078, 252.87 413.713, 186.679 703, 223.235 703 252, 87 673.365 252, 87 636.809, 252.87 600.252, 223.235 570.617, 186.679 570.617, 150.122 570.617, 120.487 600.252, 120.487 636.809, 120.487 673.365, 150.122 703 186, 84.3827 179.487, 84.3827 216.044, 54.7479 245.678, 18.1914 245.678, 18.3651 245.678, 47.9999 216.044, 47.9999 179.487, 47.9999 142.931, 18.3651 113.296, 18.1914 113.296, 54.7479 113.296, 84.3827 142.931, 42.261 426, 78.8175 426, 2 108.452 396, 565 108.452 360, 108.452 323.452, 78.8175 293.817, 42.261 293.817, 5.70459 293, 23.9302 323.452, 23.9302 360.009, 23.9302 396.565, 5.70459 426, 2 42.261 426, 84.3826 540.531, 84.3826 577.087, 54.7478 606.722, 18.1913 606.722, 18.3651 606.722, 48 577.087, 48 540.531, 48 503.974, 18.3651 474.339, 18.1913 474.339, 54.7478 474.339, 84.3826 503.974, 355.165 474.339, 318.609 474.339, 288.974 503.974, 288.974 540.531, 288.974 577.087, 318.609 606.722, 355.165 606.722, 391.722 606.722, 421.357 577.087, 421.357 540.531, 421.357 503.974, 391.722 474.339, 264.905 360.009, 264.905 323.453, 294.54 293.818, 331.096 293.818, 367.653 293.818, 397.288 323.453, 397.288 360.009, 397.288 396.566, 367.653 426, 2 331.096 426, 2 264.905 396, 566 264.905 360, 355.165 113.296, 318.609 113.296, 288.974 142.931, 288.974 179.487, 288.974 216.044, 318.609 245.679, 355.165 245.679, 391.722 245.679, 421.357 216.044, 421.357 179.487, 421.357 142.931, 391.722 113.296, 364.843 151, 53 389.846 126, 564 389.846, 846 64.9669 364, 157 40 278.154, 64.9669 278.154, 278.154 126.564, 303.157 151, 53 334 151, 334 308.687, 364.843 308.687, 389.846 283, 72 389.846 252, 389.846 222.123, 364.843 197.156, 334 197.156, 303.157 197.156, 278.154 222.123, 278.154 252.922, 278.154 283, 72 303.157 308, 687 334 308.687, 389.846 410.078, 389.846 440.877, 364.843 465.844, 334 465.844, 303.157 465.844, 278.154 440.877, 278.154 410.078, 278.154 379, 28 303.157 354, 313 334 354.313, 364.843 354.313, 389.846 379, 28 389.846 410, 364.843 623 389, 846 598.033 389, 846 567.235, 389.846 536.437, 364.843 511, 47 334 511, 303.157 511, 47 278.154 536, 437 278.154 567, 278.154 598.033, 303.157 623 334, 247.692 181.948, 247.692 212.746, 222.689 237.713, 191.846 237.713, 161.003 237.713, 136 212.746 136, 151.15 161.003, 126.183 191.846, 222.689 126.183, 247.692 151, 15 247.692 181, 212.154 389, 242.997 389, 8 268 364.833, 268 334.035, 268 303.237 242, 278.27 212.154, 181.311 278, 27 156.308 303, 237 156.308 334, 156.308 364.833, 181.311 389, 8 212.154 389, 247.692 486.122, 247.692 516, 92 222.689 541, 887 191.846 541, 161.003 541.887, 516.92 136 486, 136 455.324 161, 003 430.357 191, 846 430.357, 222.689 430.357, 247.692 455.324, 476.154 430.357, 445.311 430.357, 420.308 455.324, 420.308 486.122, 420.308 516, 92 445.311 541, 887 476.154 541, 506.997 541.887, 516.92 532 486, 532 455.324 506, 997 430.357 476, 154 430.357, 400 334.035, 400 303.237 425, 278.27 455.847, 278.27 511.693, 303.237 511.693, 511.693 364.833, 8 455.847 389, 425.004 389, 8 400 364.833, 476.154 126.183, 445.311 126.183, 420.308 151, 15 420.308 181, 420.308 212.746, 445.311 237.713, 476.154 237.713, 506.997 237.713, 532 212.747 532, 151.15 506.997, 126.183 476.154, 396 146.197, 426.843 146.197, 451.846 121.117, 846 59.2408 426, 843 34.1607 396, 157 34.1607 340, 154 59.2408 340, 340.154 121.117, 365.157 146.197, 396 304.065, 426.843 304.065, 451.846 278.985, 451.846 248.047, 451.846 217, 11 426.843 192, 029 396 192.029, 365.157 192.029, 340.154 217, 11 340.154 248, 340.154 278.985, 365.157 304.065, 451.846 405.916, 451.846 436.854, 426.843 461.934, 396 461.934, 365.157 461.934, 340.154 436.854, 340.154 405.916, 340.154 374.978, 365.157 349.898, 396 349.898, 426.843 349.898, 451.846 374.978, 396 619.803, 426.843 619.803, 451.846 594.723, 451.846 563.785, 451.846 532.847, 426.843 507.767, 396 507.767, 365.157 507.767, 340.154 532.847, 340.154 563.785, 340.154 594.723, 365.157 619.803, 309.692 176.752, 309.692 207, 69 284.689 232, 77 253.846 232, 223.003 232, 77 198 207, 69 198 176.752, 198 145.814 223, 003 120.734 253, 846 120.734, 284.689 120.734, 309.692 145.814, 274.154 385.546, 304.997 385.546, 330 360.466 330, 298.59 304.997, 273.51 274.154, 243.311 273, 51 218.308 298, 59 218.308 329, 218.308 360.466, 243.311 385.546, 309.692 482.305, 309.692 513.242, 284.689 538.322, 253.846 538.322, 223.003 538.322, 198 513.242 198, 198 451.367 223, 003 426.287 253, 846 426.287, 284.689 426.287, 309.692 451.367, 538.154 426.287, 507.311 426.287, 482.308 451.367, 482.308 482.305, 482.308 513.242, 507.311 538.323, 538.154 538.323, 568.997 538.323, 594 513.242 594, 594 451.367 568, 997 426.287 538, 154 426.287, 462.001 329.528, 462.001 298.591, 487.004 273, 51 517.847 273, 273.51 573.693, 298.591 573.693, 573.693 360.466, 548.69 385.546, 517.847 385.546, 487.004 385.546, 462.001 360.466, 538.154 120.734, 507.311 120.734, 482.308 145.814, 482.308 176.752, 482.308 207, 69 507.311 232, 77 538.154 232, 568.997 232, 77 594 207, 69 594 176.752, 594 145.814 568, 997 120.734 538, 154 120.734, 97292301, 97292302, 180 539.596 496, 180 573.836 239, 180 328.269 339, 180 351.664 164, 97292303, 97292304, 97292305, 78940045, 0248-4601-9199, 4685-8896-5884, 67-777139810, 61-4394310, 37002091, 49-8350-4462, 17-8686-4005, 2-56873767, 64934123, 10-4904-824, 8268481809, (601) 861 5555, 10457454-837, 573205164838",5,2025-09-24T11:54:20.719671,No
universidad site:.co,co,universidad,ut.edu.co,http://www.ut.edu.co/,200,3257,"atencionalciudadano@ut.edu.co, notificacionesjudiciales@ut.edu.co",atencionalciudadano@ut.edu.co,"27859050, 123390124331436, 003443047403719, 573173686404, 890.700.640, 730006299, 018000181313, 3173686404",6,2025-09-24T11:54:23.238678,No
universidad site:.co,co,universidad,urosario.edu.co,https://urosario.edu.co/,200,1600,"tienda.rosarista@urosario.edu.co, juridica@urosario.edu.co",juridica@urosario.edu.co,"+57 6012970200, 05211430534269, 2.179280352, 531037380.1659, 966417-17362080, 58.1659478684, 2.87447004.5310, 37380.16599664, 17-1736208058, 1659478684, 2.146090356, 1764165263.1699, 406388-11914206, 71.1699406270, 2.226712477, 1033465842.1659, 965716-17362080, 00858009, 34392240, 6012970200, (601) 297 0200, 3026636593, 57) 32192958, (601) 422 5321, +601 2970200, (601) 616 0388, 573026636593, 07.34.029.533, 304.533.194, 2.126615245, 1711826076.1663, 789162-12790203, 6.1663678678, 2.41107298.1711, 826076.16637891, 62-127902036, 1663678678, 2.137502320, 2.215003728, 693090543.1666, 273197-14668910, 03.1665060854, 1.258530936, 1666471151, 2.205204112, 1409608667.1666, 375233-11187556, 65.1666375233, 018000 511 888, 224136950, 3219295847, 573219295847, 008497765662561",8,2025-09-24T11:54:21.582370,No
universidad site:.ve,ve,universidad,unimar.edu.ve,https://www.unimar.edu.ve/,200,2108,info@unimar.edu.ve,info@unimar.edu.ve,"1758060531, 1758569803, 1754138973, 0412-595-7440, 3916.79728478, 63.882080185667, 10.978668292184, 1620079489335, 0412.102.2538, 0412.595.7440, 0412.595.7430, 30660040, 249782469, 707011340",3,2025-09-24T11:59:38.038083,No
universidad site:.ve,ve,universidad,ucv.ve,http://www.ucv.ve/,200,1132,serviciosdtic@ucv.ve,serviciosdtic@ucv.ve,"1516222614, 1513015891, 1437073004, 1513086783, 1250108492, 1312405027, 1246889915, 1436293729, 710432779091395, 20102022, 24022022, 6093459417, 2776427786, 20000062",5,2025-09-24T11:59:37.062909,No
universidad site:.ve,ve,universidad,ujap.edu.ve,https://ujap.edu.ve/,200,1731,info@ujap.edu.ve,info@ujap.edu.ve,"9979364075, +58-241-8714240, 33.333333333333, 122667299, 1692273756691, 1694705272725, 6077326-1024, 1694705366293, 179895011998466, 1758629529, 553827786, 180722616683331, 281569539358823, 184829431270729, 1758552991, 552582785, 180722616923331, 524664121470266, 179124537750746, 1758149078, 550413097, 180713512793331, 847710348669692, 184238575390968, 1757891850, 548223124, 180711280523331, 336237378992377, 178784820483971, 1757374960, 544801374, 180704979863331, 374773013787963, 181064821185752, 1756926633, 539933178, 180699507743331, 125145328715899, 179576200378408, 1756337735, 539453035, 180693014303331, 349041026148099, 179541761939953, 1755900218, 536736037, 180688291223331, 319427605963966, 548155313, 792284363505286, 349858365015715, 551784584, 113427827158402, 232961460959880, 552270010, 202382314815278, 701142291435032, 1756754150653, 16.666666666667, 30400858, 132322003",8,2025-09-24T11:59:37.663052,No
universidad site:.ve,ve,universidad,usb.ve,http://www.usb.ve/,200,1740,"ipst@usb.ve, causibo@usb.ve, atausibo@usb.ve, webmaster@usb.ve",ipst@usb.ve,"114590847, 16092382, 20489486, 11542241, 20534667, +58 0212-9063111, +58 0212-9069000",10,2025-09-24T11:59:37.671052,No
universidad site:.ec,ec,universidad,ucuenca.edu.ec,https://www.ucuenca.edu.ec/,200,1912,"asset-4@2x-150x150.png, asset-4@2x.png, d3@7.js",d3@7.js,"34924281, 1758141021, 466643826114406, 1758670361, 1678063402, 20250924, 20250927, 20251027, 20251031, 20251029, 20250908, 20250928, 20251124, 20251128, 06164-560, (07) 413 4520",1,2025-09-24T12:11:56.166448,No
universidad site:.ec,ec,universidad,usfq.edu.ec,http://www.usfq.edu.ec/,200,1242,"admisiones@usfq.edu.ec, no-reply@usfq.edu.ec",admisiones@usfq.edu.ec,"78.437933, 004318631, +59322971821, 02 297 1821, +59322971822, 02 297 1822, +59322971867, 02 506 1867, +593997410135, 09 9741 0135, +593988052155, 09 8805 2155, 84529923, 488255640, 593997410135, +59322971700, 02 506 1700, 3989.79476436, 78.437932984664, 0.196884635464, 69717418176, 1604763228642, 18883109, 507817733, 95352711, 2605367767047, 1.32055.5587, 587.35552.1015, 07618.1523, 1.39672.0761, 1.95542.6094, 76185.1015, 1.32054.5333, 1.72687.2793, 2.69186.7110, 25396.7618, 35553.3047, 83804.0508, 25395.5586, 079.81263.9396, 4.34256.4825, 12697.3809, 6.72969.6856, 1.09199.7110, 1.32054.9904, 38093.4063, 1.14278.2285, 1.34593.9142, 1.44752.7872, 1.80305.9396, 17777.1777, 2.97122.9142, 1.11738.3301, 2.28555.5079, 3.40294.7110, 1.67607.5333, 1.42212.0761, 2.28556.1269, 649.10158.2285, 58408.0254, 1.98081.4317, 786 18.8685.0254, 40633.3301, 2.26016.2285, 6.90745.6856, 11.47856.4317, 3.32675.1777, 2.89503.9142, 2.36174.1777, 4.29176.1523, 40632.7110, 35554.5079, 2.86963.1015, 4.24097.2285, 10158.2793, 4.19018.8888, 2.94582.5840, 1.67607.2285, 2.10778.1269, 12698.6856, 86343.0507, 2.33634.9142, 3.42833.3555, 3.15237.7364, 1.11738.3047, 4.05079.1777, 745.63487.2539, 55869.0761, 20316.1015, 40632.1523, 07618.0761, 88882.5079, 1.29514.3301, 4.22855.3301, 4.25395.6856, 571.33013.1777, 7.68567.3047, 412.40633.4571, 07619.3809, 55869.3809, 1.32054.8634, 88882.8634, 1.29515.8634, 1.16817.8888, 86343.1269, 88883.7872, 1.34594.2031, 58409.0254, 3.68228.3301, 2.28555.6602, 30475.0508, 45712.2793, 66028.4571, 1.32054.7110, 50.76466.4063, 71105.1777, 1.04119.4317, 20316.0254, 38093.1015, 15238.2539, 254.63488.2793, 68566.5840, 13.45937.2031, 33013.0507, 63487.0507, 12698.4063, 22856.0508, 07618.0508, 17776.0508, 12.11343.6602, 079.15237.6602, 7.22856.4317, 1.25395.8126, 1.19357.8888, 1.14277.8888, 27934.3301, 33013.9142, 254.12697.0254, 10158.1015, 7.99943.4825, 12697.3047, 5.12697.6602, 25395.0254, 35553.0507, 27935.1269, 22856.3301, 33014.0761, 30474.3809, 40632.9650, 1.16818.3301, 4.40632.3555, 12698.965, 05078.7364, 12698.0508, 22856.0254, 10158.7618, 2.18398.2793, 2.64109.8126, 4.43171.5587, 1.62529.6602, 2.15858.3809, 1.14278.6856, 5.33295.5840, 2.89503.8888, 1.19357.2793, 2.48872.4571, 3.86005.5840, 1.34593.1269, 2.84424.2031, 4.44413.2031, 2.15858.2793, 2.61569.8126, 4.45711.5587, 3.86005.9142, 2.13318.2793, 649.81264.4317, 5.56152.6348, 3.27596.7618, 78724.4825, 1.06658.1777, 2.18397.4317, 3.37753.7618",2,2025-09-24T12:11:55.497655,No
universidad site:.ec,ec,universidad,udla.edu.ec,https://www.udla.edu.ec/,200,2339,admision@udla.edu.ec,admision@udla.edu.ec,"+59323981000, 593987545694, 77846077, 30-2165-492, 39439244, 34311761, 246088247, 175-1116955, 14866450, 742200878494969, 1730216048326, 201171274984, 1171274984, 392-965293363615, 4184-9099-595, 81-2455-493, 37-4361-946, 02-24146992, 86189533, 34055511, 52-4337-9398, 81-4689-989, 685839649, 78-321348, 99044118, 64-7184940, 07717-580, 8-4411-8694-3829, 75-4374-9474, 6475827730, 8-4815-9687-251, 265269-6726-4491, 0-8954-4112-8930, 6649078-5093, 823-97347944, 525-3220-4513, 49493715, 7354304-328, 065650346, 169-7674-4367, 27482830, 710499282, 35-044388, 21649125, 1-74512470, 242131513, 09247292, 47548844, 88-4771-830, 02-2275-4693, 15-1159-4987, 4566-8544-0655, 91147994, 56659033, 5-4188-4572-8678, 60163-947, 617-6100452, 983430940, 26-8106-713, 63278071, 348923-2582, 1-654685190350, 70258-927, 14653228, 8769-166993, 06239-894, 68961181015, 80-4719-9714, 60065404, 372-424525, 14-8352-0857, 58472425-6701, 9699-5889-4658, 207208241, 86-8739-882, 72-4918-805, 16090737, 63792-915, 37-3266321386, 69182567",4,2025-09-24T12:11:56.592874,No
universidad site:.ec,ec,universidad,ups.edu.ec,https://www.ups.edu.ec/,200,1956,"srector@ups.edu.ec, admisionescue@ups.edu.ec, admisionesuio@ups.edu.ec, admisionesgye@ups.edu.ec",admisionescue@ups.edu.ec,"1620746533255, 1637633544000, 1585326283578, 104857600, 1757075632983, 1585326280656, 1757075574798, 1757075596118, 1757075632879, 72292288, 43288058, 7803-86108919, 17441411, 51485821, 53729748, 07 4135250, 0995058930, 1618069908247, 0998447486, 0983713210",10,2025-09-24T12:11:56.212695,No
club de golf site:.ec,ec,club,gcc.ec,https://gcc.ec/,200,1618,atencionalsocio@gcc.ec,atencionalsocio@gcc.ec,"1758674593, 1758674594, 59674820, 593983373894, 593 96 252 2642",1,2025-09-24T12:16:42.828031,No
club de golf site:.ec,ec,club,ctgc.ec,https://ctgc.ec/,200,1898,hello@uplandsgolf.com,hello@uplandsgolf.com,"12171605, 1733103583, 1733152260, 1743103527, 20190617, 112556141, 1610425172829, 1.42857143, 214.015625, 02891026, 1.999981219951, 2.000004695012, 800-222-4545, 1-800-222-4545, 593987639700",7,2025-09-24T12:16:43.109681,No
club de golf site:.ec,ec,club,kayak.com.ec,https://www.kayak.com.ec/Naples-Hoteles-Naples-Beach-Hotel-and-Golf-Club.32635.ksp,200,1226,u003caccount@notification.kayak.com,u003caccount@notification.kayak.com,"20250923.0601, 16.6666667, 33.3333333, 41.6666667, 58.3333333, 66.6666667, 83.3333333, 91.6666667, 042680118, 1.06666667, 00000000, 265.905024, 90811893045, +1 239 261 2222, 4137-204529, 32635-7371, 011-178639, 0658-021452, 26.158361, 81.809315, 26.1422222, 81.7927778, 26.141186, 81.790441, 26.071740511428, 81.786261132202, 20 153.333, 815-14.555 117, 638-13.895 118, 180 113.749, 767 20 103.362, 20 113.749, 599 40 127.818, 852 68.281-121, 25.199.815, 21.221 106.432, 94.917 110.697, 82.208 100, 20 162.082, 37.918 180, 100 117.792, 162.082 180, 180 162.082, 117.792 100, 174.973 150.594, 737 50.164 124, 704-17.674.001, 21.919 180, 15 173.081, 15 164.545, 180 155.435, 67-24.128 160, 909 34.546 100, 63.908 165.455, 100 165.455, 305 99.169 118, 47 35 149.515, 847 58.667 100, 203.153 141.333, 34.972 170, 30 165.034, 30 155.239, 1.593-115.934, 3.976-121.406, 83.991 152.874, 1.448 105.195, 2.504-105.231, 065 42.955 125, 0-21.569.525, 180 60 167.249, 100 115.237, 99.806 134.924, 103.855 132, 93.233 144.755, 119.238 164.801, 84.763 100, 80.762 164.801, 115.237 100, 68.05 114.231, 025 34327.666, 498454544, 8425095137, 1758709001638, 880515781, 770510689, 75339934, 103443037, 673595262, 693575313, 663150419, 1263305889, 182908824, 1042269652, 608081257, 469731040, 1241169913, 1270732347, 1489598996, 1134459000, 239690704, 299501215, 1951596749, 2045572525, 1271253002, 2092691163, 2051446593, 1645968712, 526845593, 1729757880, 21889632, 1988354498, 1037743948, 159617525, 939232393, 101643608, 1196460411, 480425961, 65769240, 1127484857, 1112564762, 129105918, 1376102086, 669617571, 904165038, 1018399662, 58968290, 560029201, 878455058, 712487182, 1290482385, 1296452400, 916234444, 1479763697, 1347289951, 1633196275, 639980999, 180173665, 468226190, 540815475, 060853098, 09688629, 7145963739, 244919050, 305204535, 26.157385, 2684835466, 2684835470, 2684835472, 2684835464, 2684835468, 2684835462, 516899216, 516899214, 2684835458, 516899226, 516899218, 2684835460, 516899220, 516899224, 0.773266960087, 0.233294559290, 10426927, 0.255199306808, 0.256929976449, 1070167592, 0.803338356068, 10281351, 0.858440531301, 0.876105438693, 10612103, 0.336275681963, 0.444325745223, 1072644773, 0.466051598631, 79.090909090909, 80.166666666666, 78.095238095238, 88.757575757575, 30469223, 335277122, 14314523, 05116935, 37335678, 20240830, 446009525344, 163003079204, 56845644, 89254828923, 44442078, 6104187810, 326883944, 72505533, 29391542, 635358612, 60310080, 06631643, 92801369203, 6960234363, 66592241, 21391707, 71542296, 88846399, 72164059993, 0123456789, 4294967296, 123456789",8,2025-09-24T12:16:42.437410,No
club deportivo site:.ec,ec,club,chatolei.com.ec,https://chatolei.com.ec/,200,1393,notificaciones@clubcatolica.com,notificaciones@clubcatolica.com,"5672989785, 1757604609, 10140-1018, 10190-1019, 370362293, 1805595252, 629603987, 251926429, 2207861588, 1144306733, 845140574, 297.984-198.656, 19.19 190.129, 406.709 108.348, 220.438 121.344, 188.438 169.344, 267.705 150, 3256385323, 605236988, 1604226377, 1314780541, 2954577405, 1637993063, 1714696085, 961832700, 625071050, 3329772456, 2125916198, 142337469, 286457410, 2479212040, 1646209623, 1519086355, 932132423, 302381588, 63077961, 1594903786, 1148095971, 3390994221, 1142736806, 3257617847, 546770569, 789537218, 2770507270, 1571059569, 1475300249, 2097952552, 2078017398, 218160933, 455467703, 1882637863, 30211769, 882819396, 843434563, 228114624, 1193749686, 1081892602, 1252903950, 480471615, 1861096123, 906-43.485 192, 16-16 177.195, 0 48.437-121, 899 60.242-186, 579-33.133.899, 37.304.899, 29 30.336 189, 150.634.743-193, 11.97-205.258, 4.734 136.688, 21.36 143.938, 188-25.968-143, 781 33.094 192, 766-20.946 192, 0 62.203-201, 4157418525, 559639038, 693346949, 159332991, 2091874002, 1741338930, 2028503654, 658584530, 149954244, 2611117948, 1854605243, 1119892259, 1494452404, 789886959, 1619650236, 46804326, 1979972801, 621814427, 2003725400, 2663409828, 380535695, 515983338, 338247943, 24773923, 535734665, 675006539, 2082609124, 2082670622, 866585770, 3583096855, 2118299363, 1567601835, 113527450, 324035626, 2117694186, 1192346451, 1536474861, 912129388, 2045615227, 322234750, 3734796757, 129322611, 2144256955, 1102353547, 896768358, 3478076847, 974824191, 328864391, 1879804692, 2430716664, 221691754, 1359892456, 38143861, 662289699, 1924112738, 1618836049, 978146540, 3410020570, 526722989, 183957904811427, 677685264836242, 179750889357710, 1758667444, 553314787, 184029878681427, 373873869894066, 179311598279811, 1758649785, 552106864, 184029664301427, 448084187773686, 181478274134043, 1758576482, 552006973, 184028589341427, 249770817646143, 179199845791587, 1758496296, 553247848, 184027442051427, 523052009596177, 180661844604604, 1758496184, 552958265, 184027441061427, 303114727926223, 180930800357650, 1758494546, 552018145, 184027425281427, 523134563393936, 180806084207856, 1758492721, 551445493, 184027401551427, 261349453014340, 180792310039964, 1758492200, 553171090, 184027394501427, 875900326893783, 179760551189199, 1758484520, 552001417, 184027302791427, 734448854141226, 179649159539772, 1758463573, 552084345, 184026941921427, 588870712978539, 181944769963163, 1758303624, 550739906, 184024680521427, 541463084874893, 180472613396444, 1758213538, 551025828, 184023418571427, 117797389015053, 181671627583232, 1758135197, 550339905, 184022361611427, 625198093308872, 183689283851451, 1757959586, 549823679, 184020076211427, 373971984755221, 185235339130198, 1757806495, 548009205, 184017929741427, 303114827279249, 180785127802945, 1757805619, 549198138, 184017914381427, 318717150678828, 180601505333787, 1757802239, 547755908, 184017869561427, 707144030816256, 180559127064219, 1757801150, 546532219, 184017859181427, 650204167714224, 179689556219496, 1757798347, 548869591, 184017821291427, 177461341274837, 178633449844661, 1757795596, 547843492, 184017786821427, 260008993771298, 70513236, 499652976, 373932925, 611249608, 1271232411, 689480342, 221395888, 840082915, 1233316209, 2082499721, 1234161489, 2 416 224 416",3,2025-09-24T13:47:53.673924,No
club deportivo site:.ec,ec,club,colegioamericano.edu.ec,https://www.colegioamericano.edu.ec/club-de-alto-rendimiento,200,2080,"605a7baede844d278b89dc95ae0a9123@sentry-next.wixpress.com, 88170cb0c9d64f94b5821ca7fd2d55a4@sentry-next.wixpress.com, 9a65e97ebe8141fca0c4fd686f70996b@sentry.wixpress.com, 8eb368c655b84e029ed79ad7a5c1718e@sentry.wixpress.com, 78f7996315bc402f9dcb8a2f974b82d1@sentry.wixpress.com, 1d7d0a2217a04496808b11f7603693e5@sentry-next.wixpress.com, 2062d0a4929b45348643784b5cb39c36@sentry.wixpress.com",605a7baede844d278b89dc95ae0a9123@sentry-next.wixpress.com,"36939395, 2545352419, 1394532347, 74290729, (331.62664672, 331.626646727427, (333.06779697, 333.067796979198, 1758714473829, 5 49 117 102, 72.277 150.802, 89.545 151, 13 26 174 148, 228-44.772 100, 100 44.772 100, 33 33 133.333, 05-14.817.142, 05 11.541.133, 291-12.383.084, 017 10.883.067, 091 16.183.067, 067-10.883.175, 1499859556332, 2147483648, 279642294995, 783305895, 1854883564, 99770747, 34306-4577, 772136167, 3430645774, 149 64.818 117, 107 41.149 133, 133 153.107 127, 42825314, 42812798, 06493307, 34662810, 95967056, 9892-2932-455, 3122-4351-878, 9032226291, 767772112, 2-5350-6322-487, 40127106, 04496808, 45348643784, 71-525908938, 1712549971, 9346101436, 65154264, 39-9681-7518, 700-8487-6366, 94380980, 0739-6252-8018, 677-4847-8749, 40299017, 573-8475973, 15396787, 00023225876, 60-3020-5989, 439916890, 26109-514, 76359954, 19009198, 07-2918-9924, 14635280, 14635256, 06-033101, 373906-0461, 4.989999771118, 211069460329, 20302606, 76-5976-4036-841, 502286310, 376-1258506, 19546870, 841522-8665-489, 4143-8743-965, 51357843, 40-4979-4878, 3.990000009536, 635-8505-3391-9791, 29178430, 9392-5604-1148, 88065378, 1758714472.6377, 122581519781236, 6659763008, 81663569, 1718286420089, 1718286420189, 1718286420289, 1718286420389, 1718286420490, 1718286420590, 1718286420690",6,2025-09-24T13:47:54.361066,No
club deportivo site:.ec,ec,club,aampetra.edu.ec,https://aampetra.edu.ec/club-deportivo-aampetra,200,1857,"info@test.com, info1@aampetra.edu.ec, informacionaampetrai@aampetra.edu.ec",info1@aampetra.edu.ec,"0960-097-088, +593960097088, 0960-097-332, 593960097088, 168.83 200.504, 365.083 199, 34.432 357.903, 318.087 318.087, 982 52.982-132, 708 62.922-195, 18.956 214.905, 28.836 134, 218-65.217 170, 956-65.217 236, 661 57.416 102, 661 44.265 157, 1.000000000000, 000081803053914, 031309545862313, 825637102127075",8,2025-09-24T13:47:54.138542,No
club deportivo site:.cl,cl,club,lacatolica.cl,https://www.lacatolica.cl/,200,2375,cduc@cduc.cl,cduc@cduc.cl,"1120101678, 971393655, 11254422, 471176336379050, 511.000000, 20.000000, 30.41 553.148, 32.076 553.148, 36.186 554.814, 37.852 556.869, 37.852 560, 36.186 560, 32.076 558.924, 30.41 556.869, 60.657 530.342, 55.887 530.342, 44.114 535.114, 39.342 541, 39.342 551.658, 44.114 551.658, 55.887 546.887, 60.657 541, 33.886 524.886, 58.899 532, 66.113 541, 66.113 557.115, 58.899 557.115, 33.886 541, 65.022 564.756, 66.606 564.346, 69.06 563.154, 70.057 562.106, 72.155 560, 72.803 558.662, 73.757 556.021, 74.244 553.102, 74.521 548.997, 74.552 541, 74.552 532.056, 74.521 528.898, 74.244 524.393, 73.757 523.338, 72.803 520.942, 72.155 519.894, 70.057 518.197, 69.06 517.654, 66.606 516.755, 65.022 516.623, 58.943 516.448, 57.996 516.448, 42.003 516.479, 41.056 516.623, 34.978 517.244, 33.391 517.654, 30.938 518.846, 29.942 519.894, 27.846 521, 27.196 523.338, 26.244 525.979, 25.756 528.898, 25.479 533.004, 25.448 541, 25.448 549.943, 25.479 553.102, 25.756 557.607, 26.244 558.662, 27.196 561.058, 27.846 562.106, 29.942 563.803, 30.938 564.346, 33.391 565.244, 34.978 565.378, 41.056 565.552, 42.003 565.552, 57.996 565.522, 58.943 565.378, 34.438 570.167, 32.258 569.425, 28.377 567.633, 26.702 565.965, 23.368 562.623, 22.342 560.652, 20.834 556.562, 20.326 553.369, 20.033 549.148, 20 531.831, 20.033 528.631, 20.326 523.257, 20.834 521.349, 22.342 517.703, 23.368 516.035, 26.702 513.342, 28.377 512.574, 32.258 511.326, 34.438 511.181, 40.831 511, 41.851 511, 58.147 511.035, 59.17 511.181, 65.562 511.834, 67.743 512.574, 71.625 514.368, 73.296 516.035, 76.634 519.376, 77.658 521.349, 79.167 525.438, 79.673 528.631, 79.965 532.853, 80.001 541, 80.001 550.169, 79.965 553.369, 79.673 558.743, 79.167 560.652, 77.658 564.297, 76.634 565.965, 73.296 568.659, 71.625 569.425, 67.743 570.674, 65.562 570, 58.147 571, 41.851 570.966, 40.831 570",2,2025-09-24T13:57:35.210044,No
club deportivo site:.cl,cl,club,clubmanquehue.cl,https://clubmanquehue.cl/,200,3755,personas@clubmanquehue.cl,personas@clubmanquehue.cl,"00000057, 2.333333333333, 1.733333333333, 2.666666666666, 2.133333333333, 1.333333333333, 1.066666666666, 1755767256, 1750901693, 1755781838, 1753807572, 1753807637, 1758628343, 1750898806, 1750898791, 1750899782, (260.481 510, 294.312.312, 482.085.268.268, 2025-009-300, 2025-009-1024, 2025-009-768, 2025-009-1536, 2025-009-2048, 1084011210028, 1752610341, 4496125820",6,2025-09-24T13:57:36.590669,No
club deportivo site:.cl,cl,club,palestino.cl,https://palestino.cl/,200,609,"%20marco.caballero@palestino.cl, marco.caballero@palestino.cl, %20rosario.fuenzalida@palestino.cl, rosario.fuenzalida@palestino.cl",marco.caballero@palestino.cl,"1757339799534, 1754935414, 00000007, 00000010, 28052657, 48287187, 968.172 426, 102-27.658 120, 133.48 204.706, 257.334 204.706, 0-264.022-118, 44-264.022-264, 84.18-229.676, 7.834-123.938, 458 48.266-328, 098 135.904, 638 87.638-135, 902 204.158-135, 902 328.096, 48.264 240.458, 135.902 328.096, 64 87.638 204, 16 135.904 328, 458-48.266 328, 098-135.904, 638-87.638 135, 902-204.158 135, 902-328.096, 0 232.447 232, 0.100000000000, 000005551115123, 125782702118158, 3404541015625, 1758714996, 0 191.255 191, 1719709281124, 76679678",9,2025-09-24T13:57:33.445092,No
futbol americano site:.ar,ar,futbol,espn.com.ar,https://www.espn.com.ar/futbol-americano/,200,891,"%252fi%252fmobile%252fwebsite%252fimg%252fespn_app_72@2x.png, %2fi%2fmobile%2fwebsite%2fimg%2fespn_app_72@2x.png, espn-404@2x.png",espn-404@2x.png,"116656161708917, 317469184, 21783347309, 12129264, 15719014, 18-15721789-240, 14332455, 18-14332455-240, 15722164, 15722172, 15721714, 15721743, 15718792, 15718795, 15721059, 15721065, 15720878, 15720897, 15718891, 15718896, 15717482, 15717489, 15714606, 15714611, 15719989, 18-15719989-240, 15689061, 92615998, 15716823, 15718476, 18-15718476-240, 15718454, 15710489, 15692985, 15718499, 15717490, 18-15717655-240, 15714502, 18-15714502-240, 15717001, 15714326, 15712450, 18-15712450-240, 15711798, 15712485, 15710717, 18-15710717-240, 15710595, 15708764, 15712038, 18-15712038-240, 401772812, 15712018, 15712817, 20250922, 15714568, 15714571, 15714569, 15714570, 15710904, 15714572, 15710866, 15709778, 15708759, 17784479, 18-15721776-240, 18-15719014, 18-15722172-240, 18-15722164, 18-15721743-240, 18-15721714, 18-15718795-240, 18-15718792, 18-15721065-240, 18-15721059, 18-15720897-240, 18-15720878, 18-15718896-240, 18-15718891, 18-15717489-240, 18-15717482, 18-15714611-240, 18-15714606, 49450839, 087289812, 18-15719998-240, 18-15689061, 18-15719988-240, 18-15716823-174, 18-15718460-240, 18-15718454, 18-15718500-240, 18-15710489-174, 18-15717645-240, 18-15717490, 18-15717428-240, 18-15717001-174, 18-15714499-240, 18-15714326-174, 18-15712438-240, 18-15711798, 18-15713819-240, 18-15712485, 18-15710669-240, 18-15710595, 18-15710667-240, 18-15710881-240, 18-15710866, 18-15709789-240, 18-15709778, 18-15708759-240, 18-15708764-240, 15710887, 18-15712018-240, 18-15712862-240, 18-15712817-174, 15714579, 310987714",1,2025-09-25T10:55:31.054533,No
futbol americano site:.ar,ar,futbol,eventbrite.com.ar,https://www.eventbrite.com.ar/b/fl--miami/sports-and-fitness/football/,200,1328,"prensa@eventbrite.com.ar, caridad@eventbrite.com.ar, pedidos@eventbrite.com.ar, cuotas@eventbrite.com.ar, soporte@eventbrite.com.ar, nonprofit@eventbrite.com",prensa@eventbrite.com.ar,"17950228887, 23811007, 28218816837, 3973709943, 395.253.648.255, 255.674.254, 79529991, 7011106284, 046.046.006.005, 006.007.067.072, 105.636.636, 0 00.016.124, 38-11.846.635, 137.456.456, 3.569.985.177, 0 003.112.684, 0 014.292.422, 4.977.703.221, 1.79.758.221, 326.587.587, 136.587.587, 381.136.431.431, 38.135.431.431, 056.24.157.326, 0 00.381.135, 057.24.158.326, 326.431.431, 327.587.587, 486.214.662.662, 482.666.656.656, 754.29.691.691, 672.31.672.693, 44.12.564.318, 0 01.598.366, 61.142.756, 0 00.006.056, 005.029.009.059, 04.33.123.624, 0 01.308.292, 013.014.001.002, 477.404.477, 001.001.172, 245.575.246, 0 01.966.253, 079.214.166.467, 224.727.107.486, 496.007.005, 0 00.175.118, 172.47.248.423, 176.648.143.743, 816.514.018, 467.44.448.297, 006.471.035.505, 096.077.321, 004.95.977.977, 079.04.184.074, 316.067.263.163, 1.023.233.819, 473.596 473.596, 474.015 474.015, 495.395 495.395, 3.398 183.988, 016.02.032.028, 063.195.097.402, 297.803.392, 0 01.721.462, 341.38.574.842, 177.098.429.466, 74.365.307, 0 012.778.418, 16.11.324.148, 014.03.155.002, 0 10.863.505, 0 01.122.392, 1607771450689, 1064599303, 2821698611161, 20250701-2050, 80.1847167, 1716375077059, 1128393503, 547161881611, 20250918-1730, 4.96138996139, 9.23809487479, 488195564, 25.7986103, 80.1999724, 1632778738159, 1105673493, 1366878537293, 20250826-1755, 25.7822086, 80.1383077, 1661042907049, 1113143883, 199010984137, 20250903-1610, 25.7753966, 80.1921058, 1661287899829, 1113388933, 20250903-1907, 904719930854, 1661291731289, 1113393533, 20250903-1910, 1732648852359, 1132049883, 211258538056, 20250922-2347, 25.8031522, 80.1952058, 1661049386429, 1113151293, 20250903-1616, 6393334799, 85933669, 80.210268, 25.766368, 1-877-297-6805, 37.775262, 1-855-292-7905, 487922291, 0800 444 9226, 888-221-1161, 1-888-855-2521, 368260521, 85632505, 1-804-201-9585, 1-855-872-1525, 122.400197, 0800 333 1101, 1-888-248-4220, 1-415-694-7900, 102191575, 85633793, 85688651, 102085771, 85896151, 113234887271, 1607764790769, 283329883, 85889179, 58890114243, 287812253, 85933671, 85882053, 59879008383, 266125083, 85896175, 12687257448, 285452733, 285493303, 285494233, 85896201, 28155275913, 288386283, 29145447850, 285453923, 1119407323, 2586426585171, 20250909-2253, 0.499034749035, 0.509505703422, 921492883, 065023787, 85933615, 1681344640079, 106224727261, 80.3503702, 25.8123544, 286450113, 1114304323, 468848468401, 20250904-1525, 0.502840909091, 0.522373540856, 85933563, 85896159, 1661806721639, 35997560303, 80.171895400000, 25.8892797, 285558863, 1121337873, 933626142323, 20250911-1617, 7339920079, 27950805, 85896193, 1598591763999, 46191189693, 80.1819268, 25.8558416, 282969343, 1100576773, 2618485457311, 20250820-1325, 0.049242424242, 0.827137546468, 85866193, 1582278992059, 107279177101, 80.137668200000, 25.801561, 282322353, 1090898603, 2768972030741, 20250807-2203, 0.004515853102, 0.001118677042, 85869827, 1568255437229, 104011593011, 80.2012792, 25.8029633, 281793203, 1113574263, 167352693576, 20250903-2139, 0.475680933852, 0.012645914396, 133868958, 85933551, 85833929, 1611338710459, 10659051699, 80.176198900000, 25.8681778, 285526293, 1109004093, 2148059310933, 20250829-1938, 0.442129597519, 0.576227384548, 0004828667, 85896183, 1645186480049, 16596000452, 80.3094416, 25.7791614, 284809133, 1105790823, 1097144917023, 20250826-1929, 716694911, 85889189, 1632974794569, 52581782883, 80.2569946, 25.776822, 284263413, 66694588, 52789786, 1758790531115, 80783987, 168872767, 744657943, 9255.377672, 70420559, 323539362, 4488081829, 5309.61051365, 5737.024772, 1686.515414, 841.88050945, 4199.810320, 605910912, 9346236979, 2647.85142530, 544.42871407, 265480820",7,2025-09-25T10:55:31.493720,No
colegio site:.ar,ar,colegio,esc.edu.ar,https://www.belgrano.esc.edu.ar/,200,4114,colegio@belgrano.esc.edu.ar,colegio@belgrano.esc.edu.ar,"1750699850, 1745346671, 1750710660, 1745346672, 1758569071, 1745346673, 1745339666, 1743002066, 1743002069, 1743002073, 02010100, 66461825, 60890567, 929 333 958 304, 929 208 896 208, 71 333 104 333, 929 583 958 554, 929 458 896 458, 71 583 104 583, 929 833 958 804, 929 708 896 708, 71 833 104 833, 500 408 258 167, 246 154 233 150, 217 150 196 150, 179 158 167 167, 154 179 150 196, 150 212 150 229, 154 242 171 254, 408 500 167 742, 138 771 138 800, 167 829 196 858, 225 858 254 829, 496 587 738 829, 750 842 767 846, 783 846 800 846, 817 842 829 829, 842 817 846 804, 846 783 846 767, 842 750 829 737, 588 500 833 258, 863 229 863 200, 833 171 804 137, 775 137 742 167, 629 125 613 133, 296 454 292 471, 292 487 292 504, 296 521 308 533, 617 867 629 875, 646 875 663 875, 679 871 692 858, 704 846 713 829, 713 812 713 796, 708 779 692 767, 438 487 692 225, 700 217 708 204, 708 187 708 171, 704 154 692 142, 675 129 663 125, 708 521 713 504, 713 487 713 471, 708 454 696 446, 388 133 375 125, 354 125 338 125, 325 129 313 142, 300 154 292 171, 292 187 292 204, 296 221 308 233, 563 492 304 771, 292 783 288 800, 288 817 288 833, 296 850 308 863, 321 871 338 875, 354 875 371 875, 388 867 400 854, 5491127437114, 42920353, 1160890567, 1.199999999999, 999955591079014, 993738383054733, 2763671875",4,2025-09-25T14:16:03.951928,No
colegio site:.ar,ar,colegio,tarbut.edu.ar,https://www.tarbut.edu.ar/cms/,200,2099,"admisiones@tarbut.edu.ar, colegio@tarbut.edu",admisiones@tarbut.edu.ar,"1758717984, 1758717987, 1742258848, 1742258858, 1742258867, 1742258875, 5491133959415, +541147943444, 54 (11) 4794-3444, 1758717985, 50649848277, 54473497, 6497476653868, 1758802518, 733537509, 52428800",6,2025-09-25T14:16:01.939651,No
colegio site:.ar,ar,colegio,capsf.ar,https://capsf.ar/,200,2404,d1tecnica@cad1.org.ar,d1tecnica@cad1.org.ar,"330867 100, 321575 100, 596164 100, 537895 100, 09819 100, 304352 100, (342) 458 2003, 1389835729, 1757548800, 1229176142",7,2025-09-25T14:16:02.244663,No
colegio site:.ar,ar,colegio,abogadosdesalta.org.ar,https://abogadosdesalta.org.ar/,200,1846,hola@grupomasenz.com.ar,hola@grupomasenz.com.ar,"1004819197, 1758589261, 1758589279, 1756653088, 1742220545, 1742220549, 1742220554, 1756655766, 1755179701, 1755618004, 1742220768, 1742220556, 1752681928, 30-52274501, 285012734009488, 1631222494106, 136809165, 352586408081603, 250527694990326, 1663340856521, +54 (387) 4312256, 1999999999",9,2025-09-25T14:16:01.685892,No
colegio site:.co,co,colegio,cgb.edu.co,https://www.cgb.edu.co/,200,1776,admissions@cgb.edu.co,admissions@cgb.edu.co,"00000057, 2.333333333333, 2.666666666666, 1.666666666666, 1.333333333333, 1.066666666666, 1753366474, 1758681772, 1758681810, 1753121323, 1753121327, 1753121336, 59269934, 432276375514705, 50434114046948, 314245825, 207495505039614, 626975203371346, 179970445948210, 1758586759, 0 115-129 208, 552562190, 184220360321077, 710202149341449, 552669473, 184220360411077, 276716038833420, 553339952, 184220360501077, 216084607854359, 552409287, 184220360651077, 595052900963692, 553006245, 184220360681077, 764350475828183, 552067018, 184220360861077, 717974815565154, 180912061487624, 1758326594, 551096351, 184214002031077, 732388414453672, 551432158, 184214002781077, 447312071049297, 552323508, 184214002931077, 798772372093260, 551467933, 184214003021077, 540398938418624, 552060770, 184214003111077, 863768504618258, 551599127, 184214003201077, 519374245700493, 550882902, 184214003291077, 702268479711307, 550876519, 184214003441077, 757669198573955, 180706060219182, 1757460600, 543776759, 184198134221077, 495184714437395, 544076676, 184198133801077, 722660156566025, 546263690, 184198135001077, 653522861890636, 544753128, 184198135121077, 261425683475649, 544841615, 184198135211077, 402388370370169, 546271087, 184198135391077, 828558796006399, 544114245, 184198135511077, 274275531552421, 544073737, 184198135601077, 818444758605605, 543399475, 184198135691077, 357558842816181, 543732231, 184198135781077, 182154371792501, 20009006293127, 180534787252072, 1757183059, 543721757, 184194575291077, 677805015874046, 543742816, 184194575501077, 866102564175971, 543702180, 184194575591077, 784415794849629, 543595179, 184194575771077, 329845099982775, 542937288, 184194575861077, 688887922951893, 542745735, 184194575951077, 270985460568024, 542349817, 184194576041077, 352802743315161, 542753103, 184194576161077, 387931471630619, 541978559, 184194576251077, 367636097309095, 541551873, 184194576341077, 384768720330887, 178482458045238, 1756943733, 542115975, 184190895971077, 421410262636840, 541975171, 184190896061077, 473344048422518, 541926810, 184190896151077, 296556424307770, 541958905, 184190896241077, 359509812369665, 542002732, 184190896331077, 406435520057166, 541933386, 184190896451077, 657491985219993, 542270294, 184190896541077, 917924321998375, 541938907, 184190896751077, 824285553340460, 542331578, 184190896841077, 164941531151400, 59118561554, 1692286319167, 1758228518, 549.655 124.083, 867-11.412 132, 305-11.412 132, 438 11.412 132, 117.22 448 288, 448 288 448, 867 11.412-132, 305 11.412-132, 438-11.412-132, 317.51 213.508, 739 81.205-142, +57 315 887 3788, +57 315 601 3709, 46583691, 795964849007674, 1758681811",3,2025-09-25T14:16:13.510379,No
colegio site:.co,co,colegio,cojowa.edu.co,https://cojowa.edu.co/,200,1050,cojowa@cojowa.edu.co,cojowa@cojowa.edu.co,"1574943456200, 1739299611021, 1575294092095, 1588194997411, 1758798340, 153959623, 232434859055663, 2.37049385.8639, 23190.17387671, 11-486919444, 1738767060, 274392818, 298022145652403, 520275041125270, 180545015662423, 1758661388, 111 248 248 248, 248-111 248-248, 5 200-200 200, 553177400, 185267497540009, 551676709584309, 553324679, 185267497630009, 743576040754755, 0 115-129 208, 179437532219193, 1758571556, 551416378, 185264859220009, 848910759848584, 553135934, 185264859310009, 835053879229660, 551809174, 185264859400009, 129254460936743, 552661210, 185264859490009, 427439640083844, 552498299, 185264859580009, 250346025261431, 552238566, 185264859670009, 119447351279154, 551824436, 185264859790009, 460213731794086, 551540323, 185264859880009, 833135028928189, 551333704, 185264860000009, 173599362465833, 551283586, 185264860120009, 332189235355386, 551975496, 185264860210009, 136193810609119, 552533717, 185264860300009, 610639737823274, 550720442, 185264860390009, 569809760910549, 550684760, 185264860480009, 881009985362070, 553235215, 185264860570009, 156256068330909, 551973430, 185264860660009, 557726738049195, 552241578, 185264860810009, 661769860459844, 551602499, 185264860840009, 666924833708550, 551113618, 185264860930009, 522603053983178, 551391254, 185264861020009, 807922806080325, 180759922100210, 1758315655, 550803414, 185258186500009, 502775166323074, 550819985, 185258186200009, 908519209392714, 551375471, 185258186590009, 426567715317344, 550774235, 185258186710009, 522837368275517, 550886059, 185258186890009, 121862354810846, 551970178, 185258186860009, 305354158143250, 551271832, 185258187070009, 263686285315401, 550815146, 185258187190009, 708077825319635, 551319068, 185258187280009, 182644108858204, 552100084, 185258187370009, 601235519129450, 552146302, 185258187460009, 568559832616372, 550929649, 185258187610009, 329844770208772, 550790441, 185258187700009, 826631424526082, 550728561, 185258187790009, 788056643804208, 550426275, 185258187940009, 844550061257230, 550861266, 185258187970009, 127343357001522, 550959090, 185258188060009, 817939944071351, 550815816, 185258188150009, 225725173607983, 550733415, 185258188270009, 810498066766042, 548893595, 185258188360009, 588061695445612, 178882398962262, 1758227648, 550826629, 185256437860009, 799670694516892, 550756499, 185256437950009, 691355726641212, 550958604, 185256438040009, 104513998805679, 550910043, 185256438130009, 916428127494483, 551297759, 185256438310009, 915865031848907, 550897339, 185256438280009, 347875538693555, 549920645, 185256438400009, 185584060479084, 551066950, 185256438490009, 730888224496269, 550636931, 185256438580009, 684908140037173, 551441367, 185256438670009, 855782351436078, 550639645, 185256438760009, 357690824446605, 550377511, 185256438850009, 150415601943022, 549520379, 185256439030009, 249616042856677, 550673199, 185256438940009, 281768694605910, 550858688, 185256439120009, 172180070722564, 550995699, 185256439390009, 186531653746029, 550766605, 185256439210009, 907845821203736, 551075056, 185256439360009, 463953866410477, 549196738, 185256439480009, 299842516055548, 550397255, 185256439570009, 566192717017863, 181658348893690, 1758057625, 548883884, 185253180340009, 255429238215010, 549985546, 185253180430009, 195038409067897, 549283139, 185253180550009, 407652116320747, 549002427, 185253180640009, 216232171008026, 548865146, 185253180730009, 113288681770292, 550089732, 185253180850009, 497990022771496, 549158540, 185253180940009, 139277698459570, 550205794, 185253181030009, 755864839762460, 550385188, 185253181180009, 922214016988447, 549525801, 185253181210009, 105540513742920, 548863885, 185253181330009, 517787956847383, 549286944, 185253181420009, 467881747588940, 549455522, 185253181570009, 435555930215747, 546413169, 185253181600009, 787076657245640, 550233841, 185253181780009, 432940122828379, 549680374, 185253181720009, 208336300616041, 549707762, 185253182020009, 134154539080965, 548864159, 185253181870009, 612826507013254, 180662767402481, 1757706525, 547874894, 130162687800041, 833206425392145, 180105437187951, 1757625015, 545486245, 185244271990009, 459300352980585, 545254849, 185244272170009, 765553893611350, 546577933, 185244272080009, 922512380205805, 546685771, 185244272260009, 725017713119076, 547646626, 185244272650009, 355717626580448, 545380633, 185244272350009, 201747038017123, 544758063, 185244272500009, 900513106569227, 544901268, 185244272530009, 257368592931216, 544918329, 185244272740009, 240388913894052, 545299682, 185244272830009, 274159485978898, 181540087003799, 1757536726, 543667363, 185242472860009, 371780022955275, 543670321, 185242472950009, 706948629776951, 538429003, 185242473040009, 134715639937393, 543023943, 185242473160009, 433458734135200, 542927806, 185242473250009, 868822352801251, 543033552, 185242473340009, 312230774017010, 544105624, 185242473460009, 854640153485160, 544040124, 185242473640009, 500619752523883, 545261417, 185242473550009, 751248537851037, 544802253, 185242473730009, 679494480460930, 543696210, 185242473880009, 748929274337842, 544476045, 185242473910009, 269479589835299, 545358848, 185242474000009, 338251319873540, 179711781959320, 1757366814, 542761958, 185239237240009, 278172747435274, 543692359, 185239237390009, 200224455291797, 545255138, 185239237420009, 412607717456184, 542746499, 185239237510009, 597991434156438, 542994442, 185239237600009, 901859775576230, 180684841372739, 1757105787, 542977417, 185230638400009, 812328298963648, 540747442, 185230638490009, 782735871531676, 542348809, 185230638580009, 450780842444480, 544638774, 185230638670009, 411311847070507, 540452032, 185230638760009, 550913321871538, 540707462, 185230638850009, 250597642411964, 540704568, 185230638940009, 883523316213883, 540745100, 185230639030009, 453383552202323, 540010453, 185230639120009, 380611606112231, 543671522, 185230639210009, 547619276553441, 540609688, 185230639300009, 458468914461427, 991849471, +57 605 6930170, +1 305 909 6932, 0.446274946725, 5220493624, 134217728",4,2025-09-25T14:16:12.784240,No
colegio site:.co,co,colegio,canadianschool.edu.co,https://canadianschool.edu.co/colegio-bilingue-internacional/,200,1456,contactenos@colegiocanadiense.edu.co,contactenos@colegiocanadiense.edu.co,"1752265310, 1677027464816, 1678899949001, 6042798848",5,2025-09-25T14:16:13.191389,No
colegio site:.co,co,colegio,colombobritanico.edu.co,https://www.colombobritanico.edu.co/,200,3184,admisiones@ccbcali.edu.co,admisiones@ccbcali.edu.co,"1757525614, 99999999, 999999999, 141901846, 1628187625952, 175880257368, 20250820, 887827141, 6025555385, +573165289617, 57) 315 217",6,2025-09-25T14:16:14.919370,No
colegio site:.co,co,colegio,colegiobolivar.edu.co,https://www.colegiobolivar.edu.co/website/en/giving-to-bolivar/welcome-to-giving,200,4096,"cbendowmentfund@colegiobolivar.edu.co, mguzman@colegiobolivar.edu.co, dtoro@colegiobolivar.edu.co, cchavez@colegiobolivar.edu.co",dtoro@colegiobolivar.edu.co,"1749150926, 1742309612, 1742309620, 46.27.216.204, 03810-150, 1642609941620, 572-485-5050, 100.000.000, 50.000.000, 99.999.999, 10.000.000, 49.999.999, +57 602) 485 5050, 175140202",7,2025-09-25T14:16:15.832024,No
colegio site:.co,co,colegio,colbritanico.edu.co,https://colbritanico.edu.co/,200,257,"admisiones@colbritanico..edu.co, admisionescbc@colbritanico.edu.co",admisionescbc@colbritanico.edu.co,"1758751498, 1758751503, 1758751508, 1758751512, +573008154026, 57) 300 815, +573008117729, 57) 300 811, 929 333 958 304, 929 208 896 208, 71 333 104 333, 929 583 958 554, 929 458 896 458, 71 583 104 583, 929 833 958 804, 929 708 896 708, 71 833 104 833, 500 408 258 167, 246 154 233 150, 217 150 196 150, 179 158 167 167, 154 179 150 196, 150 212 150 229, 154 242 171 254, 408 500 167 742, 138 771 138 800, 167 829 196 858, 225 858 254 829, 496 587 738 829, 750 842 767 846, 783 846 800 846, 817 842 829 829, 842 817 846 804, 846 783 846 767, 842 750 829 737, 588 500 833 258, 863 229 863 200, 833 171 804 137, 775 137 742 167, 207.029 381.476, 12.686 187.132, 224 284.505, 154.745-154.021, 240.971 381.476, 1 208 208 208, 2-128 128-128, 2 128-128 128, 14560812, 285.476 272.971, 91.132 467.314, 188.505 256, 34.484 101.255, 285.475 239, 373 24.568.001, 62845073, 1 112 112 112, 1-112-112-112, 56.41-126 126, 182.26 414 126, 106.27 325 121, 504 119 393, 482.38 504 379, 78 504 256, 549.655 124.083, 867-11.412 132, 305-11.412 132, 438 11.412 132, 117.22 448 288, 448 288 448, 867 11.412-132, 305 11.412-132, 438-11.412-132, 317.51 213.508, 739 81.205-142, 865641412, 8656414121, 8656414122, 44984975, 1758751517, 1758751531, 1758751535, 1758751539, 228307146",8,2025-09-25T14:16:11.992026,No
colegio site:.co,co,colegio,panamericano.edu.co,https://panamericano.edu.co/,200,1676,panamericano@panamericano.edu.co,panamericano@panamericano.edu.co,"1756756944, 1756757125, 1756756983, 1743013511, 1743013515, 1743013489, 1743013494, 207.029 381.476, 12.686 187.132, 224 284.505, 154.745-154.021, 240.971 381.476, 285.476 272.971, 91.132 467.314, 188.505 256, 34.484 101.255, 285.475 239, 373 24.568.001, 36522407, 573023262436, +573009108305, +57 300 910 8305, 629 125 613 133, 296 454 292 471, 292 487 292 504, 296 521 308 533, 617 867 629 875, 646 875 663 875, 679 871 692 858, 704 846 713 829, 713 812 713 796, 708 779 692 767, 438 487 692 225, 700 217 708 204, 708 187 708 171, 704 154 692 142, 675 129 663 125, 708 521 713 504, 713 487 713 471, 708 454 696 446, 388 133 375 125, 354 125 338 125, 325 129 313 142, 300 154 292 171, 292 187 292 204, 296 221 308 233, 563 492 304 771, 292 783 288 800, 288 817 288 833, 296 850 308 863, 321 871 338 875, 354 875 371 875, 388 867 400 854, 57665064, 549.655 124.083, 867-11.412 132, 305-11.412 132, 438 11.412 132, 117.22 448 288, 448 288 448, 867 11.412-132, 305 11.412-132, 438-11.412-132, 317.51 213.508, 739 81.205-142, 504 119 393, 482.38 504 379, 78 504 256, 172.268 501, 26.97 291.031, 192 85.961 192, 97 99.031-172, +576076386213, 9 464 464 464, +57 (607) 638 6213, 200 89.451 200, 532-89.451 200, 200 200-110.532, 200-89.451-200, 532 89.451-200, 111.033 248 248, 248 248-111.033, 891998874, 173029152522289, 248 111 248 248, 111 248-248 248, 20205021, 36157681, 000000000000000, 9663697552606",9,2025-09-25T14:16:13.412381,No
colegio site:.bo,bo,colegio,bbs.edu.bo,https://www.bbs.edu.bo/,200,4573,info@bbs.edu.bo,info@bbs.edu.bo,"1758659621, 1755664037, 1742286171, 1742286173, 837947057026464, 62241707, 59162241707, +591-741-6200, 1.000000000000, 000081803053914, 031309545862313, 825637102127075, 217096311",1,2025-09-25T14:16:26.107179,No
colegio site:.bo,bo,colegio,colegiodelasierra.edu.bo,https://colegiodelasierra.edu.bo/,200,814,"comunicacion@colegiodelasierra.edu.bo, admisiones@colegiodelasierra.edu.bo",admisiones@colegiodelasierra.edu.bo,"232504535, 59165055555, +1 234 567 8900, 65055555, 1721846244, 1721660120, 1721660676, 1721660237, 1725289084, 1725289124, 1721660763, 333 555 888",3,2025-09-25T14:16:22.348795,No
colegio site:.bo,bo,colegio,aisb.edu.bo,https://www.aisb.edu.bo/,200,752,admisiones@aisb.edu.bo,admisiones@aisb.edu.bo,"2.159409213, 1625832813.1699, 013731-56175106, 0.1699013731, 591-77956851, 3258.50036826, 66.204149685524, 17.354988567888, 1569263308764, 59160725709",5,2025-09-25T14:16:22.286799,No
colegio site:.bo,bo,colegio,icefranco.edu.bo,https://www.icefranco.edu.bo/,200,749,informacion@icefranco.edu.bo,informacion@icefranco.edu.bo,"1758778362, 1752602471, 1752602812, 1752602814, 1758559136, 1758558833, 1744832536, 1744832537, 256903567, 335559685, 469777462, 469777927, 469777928, 22654673, 29825894, 39320337, 20250901, 536575761, 790376820049652, 787814632105125, 248 111 248 248, 111 248-248 248, 0 248 111 248, 393 504 256 504, 55784991, 27163063, 1723520186986, 64983219, 1732506450647, 172.268 501, 26.97 291.031, 192 85.961 192, 97 99.031-172, 1723780688432, 31038629, 72283341",6,2025-09-25T14:16:22.282789,No
colegio site:.bo,bo,colegio,colegiodomingosavio.edu.bo,https://www.colegiodomingosavio.edu.bo/,200,4318,info@colegiodomingosavio.edu.bo,info@colegiodomingosavio.edu.bo,"1758050009, 325340970, 41020876, 99999999999, 1690841340478, 1690896685209, 1603626298306, 1603742435943, 1603628157293, 1603628428921, 1603629655847, 1603629865253, 1575403932354, 1602339521092, 1602344249539, 1602778325575, 1602778337090, 1602778346919, 1602778355243, 1602778364637, 1602778376090, 1603748073130, 1607022554437, 1607022076945, 1603356960641, 1607021575987, 59178569885, 23888888, 1602779546136, 532981836, 0-89252250, 0 1439.999975, 1439.999975, 532981877, 2-03925494, 2222340697, 20250901, 20250902, 20250903, 20250904, 20250905, 20250906, 20250907, 20250908, 20250909, 20250910, 20250911, 20250912, 20250913, 20250914, 20250915, 20250916, 20250917, 20250918, 20250919, 20250920, 20250921, 20250922, 20250923, 20250924, 20250925, 20250926, 20250927, 20250928, 20250929, 20250930, 20251003, 1690896769113, (591) 785-6988, 391806394175772, +591 785-6988, 1605005189",8,2025-09-25T14:16:25.854608,No
colegio site:.py,py,colegio,cslp.edu.py,https://www.cslp.edu.py/en/colegio-loma-plata,200,1043,"605a7baede844d278b89dc95ae0a9123@sentry-next.wixpress.com, 88170cb0c9d64f94b5821ca7fd2d55a4@sentry-next.wixpress.com, 1eeb89147c984dc6bc3ffafd9e6cd089@sentry.wixpress.com, 2062d0a4929b45348643784b5cb39c36@sentry.wixpress.com, 8eb368c655b84e029ed79ad7a5c1718e@sentry.wixpress.com",605a7baede844d278b89dc95ae0a9123@sentry-next.wixpress.com,"219264652925, 4620-9347-3037, 2545352419, 1758802594384, 178886068811057, 92-8844-120, 42825314, 42812798, 06493307, 34662810, 95967056, 09416285, 2-5350-6322-487, 40127106, 9976-963695, 45348643784, 71-525908938, 74484092, 1907876894, 14409595, 076-4753-8303, 700-8487-6366, 439916890, 26109-514, 76359954, 19009198, 40299017, 376-1258506, 211069460329, 635-8505-3391-9791, 9392-5604-1148, 29178430, 88065378, 1758802593.8851, 662437618189565, 897966643, 81663569",1,2025-09-25T14:16:34.619244,No
colegio site:.py,py,colegio,cei.edu.py,https://cei.edu.py/en/,200,3767,"info@cei.edu.py, needhelp@oxpitan.com",info@cei.edu.py,"1674220179, 1674220180, 1677796960, +595985444070, (0985) 444070, (021) 602462, 666 888 0000, 595985444070, 1674220182",2,2025-09-25T14:16:37.343806,No
colegio site:.py,py,colegio,colegiodelsol.edu.py,https://www.colegiodelsol.edu.py/en,200,670,"cds@colegiodelsol.edu.py, 605a7baede844d278b89dc95ae0a9123@sentry-next.wixpress.com, 8c4075d5481d476e945486754f783364@sentry.io, dd0a55ccb8124b9c9d938e3acf41f8aa@sentry.wixpress.com, c183baa23371454f99f417f6616b724d@sentry.wixpress.com, 9a65e97ebe8141fca0c4fd686f70996b@sentry.wixpress.com, ed436f5053144538958ad06a5005e99a@sentry.wixpress.com, 460ff4620fa44cba8df530afde949785@sentry.wixpress.com, 88170cb0c9d64f94b5821ca7fd2d55a4@sentry-next.wixpress.com, 2062d0a4929b45348643784b5cb39c36@sentry.wixpress.com, 78f7996315bc402f9dcb8a2f974b82d1@sentry.wixpress.com, 1d7d0a2217a04496808b11f7603693e5@sentry-next.wixpress.com, 8eb368c655b84e029ed79ad7a5c1718e@sentry.wixpress.com, 271e9fa3230b4eec94b02bf95780f5f2@sentry.wixpress.com",cds@colegiodelsol.edu.py,"601108618, 2545352419, 2054936319, 847694237, +595985347031, 74290729, 88-9288338191, 1758584412241, 6056839424, 347580498, 605.505.505, 518.228.518.507, 094.248.516.516, 99.999 163, 94.986 157.487, 99.999 101.658, 75564866, 84888892, 42825314, 42812798, 06493307, 34662810, 95967056, 3122-4351-878, 14666402, 945486754, 14-216071924, 276-1246-058, 23371454, 38185301, 5053144538958, 2-5350-6322-487, 40127106, 45348643784, 71-525908938, 04496808, 91395998934, 791221825, 02887430, 2035314125, 25.3044664, 57.563074299999, 25924-5664, 39-9681-7518, 61747158, 309-7865384, 27016-697, 439916890, 26109-514, 76359954, 19009198, 700-8487-6366, 14635280, 14635256, 15396787, 00023225876, 40299017, 30677719, 734527084, 376-1258506, 211069460329, 68-097744, 635-8505-3391-9791, 9392-5604-1148, 29178430, 88065378, 22077997, 56-4182-9479, 1758584411.2267, 924646066128264, 552111875, 6659763008, 81663569",3,2025-09-25T14:16:34.246669,No
colegio site:.py,py,colegio,goethe.edu.py,https://www.goethe.edu.py/,200,1651,"apacgoethe@hotmail.com, secretaria@goethe.edu.py",secretaria@goethe.edu.py,"+595 21 662546, +59521662546",4,2025-09-25T14:16:35.229016,No
colegio site:.py,py,colegio,cslp.edu.py,https://www.cslp.edu.py/en/colegio-paratodo,200,900,"605a7baede844d278b89dc95ae0a9123@sentry-next.wixpress.com, 88170cb0c9d64f94b5821ca7fd2d55a4@sentry-next.wixpress.com, 1eeb89147c984dc6bc3ffafd9e6cd089@sentry.wixpress.com, 2062d0a4929b45348643784b5cb39c36@sentry.wixpress.com, 8eb368c655b84e029ed79ad7a5c1718e@sentry.wixpress.com",605a7baede844d278b89dc95ae0a9123@sentry-next.wixpress.com,"219264652925, 4620-9347-3037, 2545352419, 1758802594230, 178886068811057, 42825314, 42812798, 06493307, 34662810, 95967056, 1907876894, 09416285, 2-5350-6322-487, 40127106, 9976-963695, 45348643784, 71-525908938, 74484092, 14409595, 076-4753-8303, 700-8487-6366, 439916890, 26109-514, 76359954, 19009198, 40299017, 376-1258506, 211069460329, 635-8505-3391-9791, 9392-5604-1148, 29178430, 88065378, 1758802593.8841, 662193696189560, 897966643, 81663569",5,2025-09-25T14:16:34.477625,No
colegio site:.py,py,colegio,colegiolumen.edu.py,https://colegiolumen.edu.py/,200,4593,colegiolumen@colegiolumen.edu.py,colegiolumen@colegiolumen.edu.py,"1758664756, 1758664757, 1742218281, 1742218284, +595 21 283 483, +595 21 285 433, +595 21 285 434",7,2025-09-25T14:16:38.170096,No
colegio site:.py,py,colegio,torrefuerte.edu.py,https://torrefuerte.edu.py/,200,2143,info@torrefuerte.edu.py,info@torrefuerte.edu.py,"20230914145338, 20230914145020, 2023081814268, 2023091815911, 2023091815816, 20230918151059, 2023091815107, 20250612115149, 2025050995823, 2025032610171, 2025022616517, 20241206103145, 2024110894011, 3606.62954631, 57.517303223654, 25.316647628418, 1695736096371, 021 674 467, 0974 571105, 51-14.124-124, 211.862-213.628, +595974571104",8,2025-09-25T14:16:35.721270,No
